{"loss": [0.12535201013088226, 0.06063085421919823, 0.05130323767662048, 0.046752359718084335, 0.04400951415300369, 0.04208945482969284, 0.04108695313334465, 0.04016747325658798, 0.039749011397361755, 0.03938993439078331, 0.03917991369962692, 0.038953088223934174, 0.03876412659883499, 0.038524653762578964, 0.03827553987503052, 0.03822249546647072, 0.03804820403456688, 0.0379214882850647, 0.0378105454146862, 0.03769434988498688, 0.037636369466781616, 0.0374915711581707, 0.037393663078546524, 0.03728288412094116, 0.037274688482284546, 0.037105318158864975, 0.037080634385347366, 0.03721310570836067, 0.03704056888818741, 0.03679818660020828, 0.0368720218539238, 0.036712054163217545, 0.03664463758468628, 0.03663485124707222, 0.03658626228570938, 0.03668739274144173, 0.03648916259407997, 0.03659873083233833, 0.036371923983097076, 0.03643443435430527, 0.036336835473775864, 0.03627505525946617, 0.036209095269441605, 0.03616725653409958, 0.03619612753391266, 0.03616504371166229, 0.03610343858599663, 0.036002978682518005, 0.03596343845129013, 0.03611214458942413, 0.03591986373066902, 0.03594669699668884, 0.03590391203761101, 0.03584866598248482, 0.03591923043131828, 0.03578225523233414, 0.0358557254076004, 0.035789065062999725, 0.03563465178012848, 0.035656534135341644, 0.035685256123542786, 0.03560106083750725, 0.03561057150363922, 0.03584836795926094, 0.03555942326784134, 0.035476140677928925, 0.03550951927900314], "val_loss": [0.058199141174554825, 0.038372721523046494, 0.03957434743642807, 0.03741887956857681, 0.03654201328754425, 0.03620793670415878, 0.03531390428543091, 0.03493742644786835, 0.03502478078007698, 0.03525271266698837, 0.03506671264767647, 0.03538195788860321, 0.03504735603928566, 0.03485751524567604, 0.035223282873630524, 0.03503090888261795, 0.03477654978632927, 0.03497283533215523, 0.03475905954837799, 0.03511602804064751, 0.03470949828624725, 0.03459424525499344, 0.035040754824876785, 0.035352785140275955, 0.03457542136311531, 0.03452436998486519, 0.03654731810092926, 0.03541640564799309, 0.034558046609163284, 0.03470388799905777, 0.035164542496204376, 0.034475669264793396, 0.03493298217654228, 0.03495916351675987, 0.03594552353024483, 0.03508126363158226, 0.03555060923099518, 0.03452705591917038, 0.03494738042354584, 0.03480028361082077, 0.034818489104509354, 0.034402765333652496, 0.03493314981460571, 0.0348060205578804, 0.03522753342986107, 0.034697506576776505, 0.03469138592481613, 0.03461890667676926, 0.03487246111035347, 0.03463802486658096, 0.03484877943992615, 0.034653808921575546, 0.03456491231918335, 0.03519724681973457, 0.03471287339925766, 0.03503037616610527, 0.035465169697999954, 0.03440416604280472, 0.034456074237823486, 0.0350976325571537, 0.034546252340078354, 0.034650955349206924, 0.03585279360413551, 0.034820519387722015, 0.03469370678067207, 0.03506786748766899, 0.03504680097103119]}