{"loss": [0.011633087880909443, 0.0037958223838359118, 0.0033861426636576653, 0.003192006843164563, 0.003056478453800082, 0.002988191554322839, 0.0029686198104172945, 0.002960721729323268, 0.0029343452770262957, 0.002918920246884227, 0.0029156820382922888, 0.0029099658131599426, 0.002898314967751503, 0.0029001040384173393, 0.002891841111704707, 0.0028915931470692158, 0.002888319781050086, 0.0028919759206473827, 0.0028828184586018324, 0.002880413318052888, 0.0028833094984292984, 0.0028739450499415398, 0.002873539924621582, 0.0028777695260941982, 0.0028748689219355583, 0.0028742242138832808, 0.0028657899238169193, 0.00287121650762856, 0.00287011475302279, 0.0028672227635979652, 0.0028633265756070614, 0.002864839043468237, 0.002865349408239126, 0.0028711415361613035, 0.0028629088774323463, 0.0028604152612388134, 0.002861585235223174, 0.0028650129679590464, 0.0028584289830178022, 0.0028591002337634563, 0.002861825982108712, 0.0028560294304043055, 0.0028559749480336905, 0.0028571845032274723, 0.0028602639213204384, 0.0028581032529473305, 0.0028586185071617365, 0.0028589132707566023, 0.002854908350855112, 0.002852244535461068], "val_loss": [0.003998980391770601, 0.0033677236642688513, 0.0034879297018051147, 0.0030350848101079464, 0.002983857411891222, 0.0029815020971000195, 0.0029577596578747034, 0.0029687760397791862, 0.002945359330624342, 0.0029564588330686092, 0.0029446303378790617, 0.0029328272212296724, 0.0029285058844834566, 0.0029351969715207815, 0.0029275352135300636, 0.0029380375053733587, 0.0029253249522298574, 0.002932563191279769, 0.0029406421817839146, 0.0029287992510944605, 0.0029318472370505333, 0.002928380621597171, 0.002922853222116828, 0.0029588050674647093, 0.0029393883887678385, 0.002933911979198456, 0.0029287217184901237, 0.002931436290964484, 0.002924711676314473, 0.0029244101606309414, 0.0029216476250439882, 0.002930726855993271, 0.0029389099217951298, 0.0029216506518423557, 0.002925668843090534, 0.0029265249613672495, 0.0029453374445438385, 0.0029250620864331722, 0.002922436688095331, 0.002919867169111967, 0.002921701641753316, 0.002916472963988781, 0.0029245042242109776, 0.0029180434066802263, 0.0029226874466985464, 0.0029180890414863825, 0.0029407122638076544, 0.002924070693552494, 0.002914565848186612, 0.002918669255450368]}