{"loss": [0.12568871676921844, 0.06042248755693436, 0.05213096737861633, 0.046803947538137436, 0.04382859915494919, 0.042154524475336075, 0.04091386869549751, 0.04043722525238991, 0.03970232605934143, 0.03949625417590141, 0.03953145816922188, 0.03899579495191574, 0.03885774314403534, 0.03859507292509079, 0.03839096054434776, 0.03821580857038498, 0.038171686232089996, 0.03806144744157791, 0.03779665008187294, 0.037801265716552734, 0.03759695962071419, 0.03754732757806778, 0.037402164191007614, 0.037360504269599915, 0.03733809292316437, 0.037249431014060974, 0.03717941790819168, 0.0370011068880558, 0.037032730877399445, 0.03697769343852997, 0.03676822409033775, 0.036974016577005386, 0.03675232455134392, 0.03660076856613159, 0.03674702346324921, 0.036661066114902496, 0.03655528649687767, 0.03649967908859253, 0.03648901730775833, 0.0365200899541378, 0.03659941628575325, 0.03629077225923538, 0.036256469786167145, 0.036229439079761505, 0.0361315943300724, 0.036020562052726746, 0.036148469895124435, 0.036067549139261246, 0.03595385327935219, 0.0360092930495739, 0.0359686054289341, 0.03589090332388878, 0.035838402807712555, 0.03595719486474991, 0.03612630441784859, 0.0358225554227829, 0.03577300161123276], "val_loss": [0.06623784452676773, 0.04816310107707977, 0.038484103977680206, 0.035352349281311035, 0.03627166152000427, 0.035553500056266785, 0.03635716065764427, 0.03487880900502205, 0.03518056124448776, 0.0360933281481266, 0.0349695049226284, 0.03545377776026726, 0.03603513538837433, 0.03557692840695381, 0.035063236951828, 0.034837886691093445, 0.035344019532203674, 0.036321062594652176, 0.03517688438296318, 0.035172753036022186, 0.03489541634917259, 0.03473883122205734, 0.035290952771902084, 0.03545142710208893, 0.03529315069317818, 0.03537360206246376, 0.03499424457550049, 0.03515005111694336, 0.034987349063158035, 0.03497392311692238, 0.03548850864171982, 0.0344904400408268, 0.03494395688176155, 0.035152945667505264, 0.03500320762395859, 0.03500567376613617, 0.035070475190877914, 0.035077955573797226, 0.03470473736524582, 0.03607975319027901, 0.03459803760051727, 0.034759290516376495, 0.034807875752449036, 0.03474605828523636, 0.03457029536366463, 0.03542614355683327, 0.03489219397306442, 0.03461034595966339, 0.03451370820403099, 0.034991126507520676, 0.0348338708281517, 0.03466714173555374, 0.03519449383020401, 0.035636331886053085, 0.034774214029312134, 0.03473940119147301, 0.03568525239825249]}