{"loss": [0.011323822662234306, 0.0038646357133984566, 0.003384246490895748, 0.003155127866193652, 0.0030681618954986334, 0.003007276216521859, 0.002974584698677063, 0.002968151355162263, 0.0029377753380686045, 0.0029299731831997633, 0.0029286162462085485, 0.0029147733002901077, 0.0029084421694278717, 0.002899190643802285, 0.0028987531550228596, 0.0028930569533258677, 0.0028953561559319496, 0.0028854752890765667, 0.0028857507277280092, 0.0028818119317293167, 0.002880995161831379, 0.0028784957248717546, 0.0028936294838786125, 0.0028724954463541508, 0.0028722211718559265, 0.0028761422727257013, 0.0028707473538815975, 0.0028663775883615017, 0.0028693266212940216, 0.0028653405606746674, 0.0028698991518467665, 0.002867456991225481, 0.002875111997127533, 0.0028629046864807606, 0.002859256463125348, 0.0028584653045982122, 0.002858692081645131, 0.0028595072217285633, 0.0028601433150470257, 0.002868104726076126, 0.0028567835688591003, 0.00285732583142817, 0.002857838524505496, 0.002860657637938857, 0.002858051098883152, 0.0028538305778056383, 0.0028554308228194714, 0.0028613072354346514, 0.00285629415884614, 0.002854676451534033], "val_loss": [0.0040458980947732925, 0.0033187340013682842, 0.0031259667593985796, 0.0031834442634135485, 0.0029825265519320965, 0.0029688815120607615, 0.002954809693619609, 0.0029443511739373207, 0.002980917226523161, 0.0029445220716297626, 0.0029492878820747137, 0.002970657544210553, 0.0029335329309105873, 0.002955265808850527, 0.002942840801551938, 0.002922370797023177, 0.002937479643151164, 0.0029230541549623013, 0.002931959694251418, 0.0029356067534536123, 0.0029406638350337744, 0.0029195849783718586, 0.0029277887661010027, 0.00292237033136189, 0.00291893701069057, 0.0029340239707380533, 0.002923732390627265, 0.002921090926975012, 0.0029224627651274204, 0.0029395045712590218, 0.002935134107246995, 0.0029403429944068193, 0.002953889546915889, 0.002918092766776681, 0.0029215500690042973, 0.002918825950473547, 0.002928127534687519, 0.002920369151979685, 0.0029194289818406105, 0.002916292054578662, 0.002919374965131283, 0.0029352984856814146, 0.002944783540442586, 0.0029188168700784445, 0.002914490643888712, 0.0029158180113881826, 0.0029269892256706953, 0.0029194781091064215, 0.002917780075222254, 0.002928514266386628]}