{"loss": [0.011069100350141525, 0.0038330035749822855, 0.0033846336882561445, 0.003227904671803117, 0.003069591475650668, 0.002996798837557435, 0.0029684596229344606, 0.002940904349088669, 0.002938217716291547, 0.0029247915372252464, 0.002913809148594737, 0.002905503148213029, 0.002902447711676359, 0.0029109620954841375, 0.002893943339586258, 0.0028953971341252327, 0.002882371423766017, 0.0028824990149587393, 0.0028809362556785345, 0.002878725528717041, 0.002877167658880353, 0.002872673561796546, 0.002870457246899605, 0.002874318975955248, 0.002879529492929578, 0.0028737452812492847, 0.002869419055059552, 0.002865386428311467, 0.002871138509362936, 0.0028739748522639275, 0.0028638471849262714, 0.0028645063284784555, 0.002872257027775049, 0.0028626942075788975, 0.0028712942730635405, 0.002859406406059861, 0.0028604280669242144, 0.002862328663468361, 0.002861760789528489, 0.0028597295749932528, 0.0028569737914949656, 0.0028644490521401167, 0.0028563574887812138, 0.002856072736904025, 0.0028555772732943296, 0.0028544245287775993, 0.0028548124246299267, 0.002857909305021167, 0.0028566305991262197, 0.0028582646045833826], "val_loss": [0.003992740996181965, 0.003350368933752179, 0.003245820989832282, 0.0031013689003884792, 0.0029782967176288366, 0.0029604590963572264, 0.002947378670796752, 0.0029344556387513876, 0.002929259790107608, 0.0029292867984622717, 0.0029300646856427193, 0.0029380458872765303, 0.0029387243557721376, 0.00296606938354671, 0.002925715409219265, 0.0029403266962617636, 0.0029240332078188658, 0.0029407325200736523, 0.0029268970247358084, 0.00294682034291327, 0.0029221572913229465, 0.0029183696024119854, 0.002920156577602029, 0.0029244471807032824, 0.0029279766604304314, 0.0029353944119066, 0.00292530981823802, 0.002919501159340143, 0.0029203142039477825, 0.00292492238804698, 0.0029232478700578213, 0.002922217594459653, 0.002922456245869398, 0.0029255435802042484, 0.002917040605098009, 0.002916524186730385, 0.002932248404249549, 0.00291921547614038, 0.0029197162948548794, 0.0029163777362555265, 0.0029309196397662163, 0.002915754448622465, 0.0029157763347029686, 0.0029217563569545746, 0.002916620811447501, 0.0029159090481698513, 0.0029184604063630104, 0.002919797319918871, 0.0029178836848586798, 0.0029171595815569162]}