{"loss": [0.1258014440536499, 0.06003716215491295, 0.05046260729432106, 0.04614802449941635, 0.04374808073043823, 0.041756078600883484, 0.04075806960463524, 0.04012344405055046, 0.039699360728263855, 0.039441630244255066, 0.039087872952222824, 0.03893382474780083, 0.038528427481651306, 0.038538385182619095, 0.03836176171898842, 0.03805602341890335, 0.03798945993185043, 0.03787956386804581, 0.037781015038490295, 0.03763936832547188, 0.03747112303972244, 0.0376318134367466, 0.03730583190917969, 0.037247952073812485, 0.03715364634990692, 0.0372602678835392, 0.037133630365133286, 0.03710532933473587, 0.036918822675943375, 0.036776527762413025, 0.03682802617549896, 0.036768123507499695, 0.03672447428107262, 0.03679260239005089, 0.03655199334025383, 0.036597900092601776, 0.03654968738555908, 0.03633347898721695, 0.0364384762942791, 0.036389730870723724, 0.0363062247633934, 0.03634006902575493, 0.03633169084787369, 0.036263786256313324, 0.036195848137140274, 0.03608722612261772, 0.03602582961320877, 0.03611263632774353, 0.03595370054244995, 0.03599897772073746, 0.03593719005584717, 0.03589005023241043, 0.03594740107655525, 0.03588308021426201, 0.035729240626096725, 0.03578951582312584, 0.035753585398197174, 0.035705868154764175, 0.03580024093389511, 0.0358322449028492, 0.035615529865026474, 0.03569306805729866, 0.03554052487015724, 0.03549372777342796, 0.03558429330587387, 0.035635508596897125, 0.035586945712566376, 0.035436324775218964, 0.0354350283741951, 0.0354149267077446, 0.03540939837694168, 0.035391915589571, 0.03530941158533096, 0.03546531870961189, 0.03532857075333595, 0.03527947887778282, 0.035306416451931, 0.035276614129543304, 0.035338353365659714, 0.035200897604227066, 0.03529113903641701, 0.03512641414999962, 0.035204268991947174, 0.03520158678293228, 0.03528382629156113, 0.03510897606611252, 0.03517613559961319, 0.03510728478431702, 0.035046909004449844, 0.03509411960840225, 0.035079408437013626, 0.03498813509941101, 0.035051122307777405, 0.03505285456776619, 0.0350840762257576, 0.03504088521003723, 0.03494521975517273, 0.03499571233987808, 0.03491133451461792, 0.03491762652993202], "val_loss": [0.05964598432183266, 0.03826102241873741, 0.037040308117866516, 0.03709859028458595, 0.03610524907708168, 0.0356530100107193, 0.034927062690258026, 0.03505510836839676, 0.0358850471675396, 0.034805260598659515, 0.035534027963876724, 0.035361599177122116, 0.035027552396059036, 0.035818882286548615, 0.03459383547306061, 0.034598127007484436, 0.03574705868959427, 0.03528812155127525, 0.03508535027503967, 0.03466102108359337, 0.03516595810651779, 0.03525950759649277, 0.034971654415130615, 0.0346212200820446, 0.035141635686159134, 0.03471113741397858, 0.035182543098926544, 0.035125982016325, 0.03465959429740906, 0.035448212176561356, 0.034495871514081955, 0.035101938992738724, 0.03528936207294464, 0.034791357815265656, 0.03476224094629288, 0.03537275642156601, 0.0344613678753376, 0.03537868708372116, 0.03466719016432762, 0.03458326309919357, 0.034640271216630936, 0.03464758023619652, 0.0356103777885437, 0.03509749844670296, 0.03471008315682411, 0.03469429165124893, 0.035031531006097794, 0.03466832637786865, 0.03468265011906624, 0.034679166972637177, 0.034665897488594055, 0.034793149679899216, 0.03516882285475731, 0.034676916897296906, 0.03514884412288666, 0.034784670919179916, 0.03466612845659256, 0.03453610837459564, 0.03559919074177742, 0.034599266946315765, 0.03490874171257019, 0.034432414919137955, 0.03501138463616371, 0.034866150468587875, 0.035075411200523376, 0.034888241440057755, 0.03440411761403084, 0.03471016138792038, 0.03470917046070099, 0.03458146005868912, 0.034728966653347015, 0.03439604863524437, 0.03505503013730049, 0.034452155232429504, 0.03438716381788254, 0.03481194004416466, 0.034695010632276535, 0.035105202347040176, 0.03453505039215088, 0.03483349457383156, 0.03447660431265831, 0.03527068719267845, 0.035055872052907944, 0.03517036512494087, 0.03472651541233063, 0.035057246685028076, 0.03455628827214241, 0.034419938921928406, 0.03462652117013931, 0.034913647919893265, 0.03463033586740494, 0.03489489480853081, 0.034761082381010056, 0.034856751561164856, 0.03457009792327881, 0.0343783013522625, 0.034513041377067566, 0.03462564945220947, 0.03462999314069748, 0.034818489104509354]}