{"loss": [0.012026187032461166, 0.0038650785572826862, 0.0033358889631927013, 0.003139738691970706, 0.003033955115824938, 0.002994781592860818, 0.002960257465019822, 0.0029459886718541384, 0.002934220712631941, 0.0029322190675884485, 0.002913582604378462, 0.002916354686021805, 0.002900149906054139, 0.002901969477534294, 0.00290220626629889, 0.002900728490203619, 0.002889564260840416, 0.002885866444557905, 0.00288583617657423, 0.002886191476136446, 0.0028815041296184063, 0.002876090118661523, 0.0028776642866432667, 0.002872640732675791, 0.0028750591445714235, 0.0028717208188027143, 0.0028712409548461437, 0.0028738852124661207, 0.0028687964659184217, 0.0028694653883576393, 0.002866880502551794, 0.002862862078472972, 0.002869025571271777, 0.002871323376893997, 0.002866646507754922, 0.0028597749769687653, 0.002858113031834364, 0.002864500042051077, 0.0028651761822402477, 0.002855866216123104, 0.002859870670363307, 0.0028669496532529593, 0.0028617940843105316, 0.0028544480446726084, 0.002858221298083663, 0.002861175686120987, 0.002855470636859536, 0.002853341633453965, 0.00285462848842144, 0.0028653820045292377], "val_loss": [0.004137922544032335, 0.003340258728712797, 0.003178747370839119, 0.0030291269067674875, 0.0029679453000426292, 0.003003777703270316, 0.002978771924972534, 0.0029507107101380825, 0.002962147118523717, 0.002935884054750204, 0.0029289512895047665, 0.002929040463641286, 0.0029412885196506977, 0.002933422802016139, 0.002929939655587077, 0.002932039787992835, 0.0029380018822848797, 0.0029263487085700035, 0.0029247330967336893, 0.002920974977314472, 0.0029226397164165974, 0.002930999733507633, 0.002923679305240512, 0.002922143554314971, 0.0029303499031811953, 0.0029310635291039944, 0.002919851802289486, 0.002929918933659792, 0.002924476284533739, 0.0029196119867265224, 0.0029215828981250525, 0.0029238818679004908, 0.002924988279119134, 0.0029413155280053616, 0.0029216560069471598, 0.002921151928603649, 0.0029246334452182055, 0.002932110568508506, 0.0029225279577076435, 0.0029190140776336193, 0.002920333994552493, 0.002921391511335969, 0.0029159793630242348, 0.0029186883475631475, 0.002922237850725651, 0.0029242062009871006, 0.0029152336064726114, 0.002919251099228859, 0.00292313564568758, 0.0029179411940276623]}