{"loss": [0.12562622129917145, 0.059797342866659164, 0.05028679966926575, 0.046733323484659195, 0.04361490160226822, 0.041907161474227905, 0.04109333083033562, 0.04037199541926384, 0.03966868668794632, 0.03942766785621643, 0.03914043679833412, 0.03884156048297882, 0.03868984058499336, 0.03843719884753227, 0.038350075483322144, 0.038176845759153366, 0.03811197355389595, 0.03795646131038666, 0.03807205706834793, 0.03759951516985893, 0.03772857412695885, 0.037334077060222626, 0.03745828568935394, 0.037258829921483994, 0.03715744614601135, 0.03714664280414581, 0.03708339482545853, 0.03699766844511032, 0.03693033382296562, 0.036817602813243866, 0.03681052848696709, 0.03691281005740166, 0.03677156940102577, 0.03661305457353592, 0.0366298146545887, 0.036726586520671844, 0.036690112203359604, 0.03643781319260597, 0.03637641668319702, 0.03627209737896919, 0.036402273923158646, 0.036301784217357635, 0.03627271205186844, 0.03616224601864815, 0.03613215684890747, 0.03611357882618904, 0.036199167370796204, 0.036130473017692566, 0.036042891442775726, 0.03620411828160286, 0.03594646975398064, 0.035927664488554, 0.03596709668636322, 0.03611433133482933, 0.035781584680080414, 0.035808805376291275, 0.03581308573484421, 0.03577902168035507, 0.03567030280828476, 0.03580678254365921, 0.03565043956041336, 0.03577624633908272, 0.035668883472681046, 0.035669974982738495, 0.035528331995010376, 0.03551687300205231, 0.035659484565258026, 0.03561776503920555, 0.035536352545022964, 0.035475973039865494, 0.03543156385421753, 0.03537079691886902, 0.03542906418442726, 0.03548956662416458, 0.035422950983047485, 0.0353144109249115, 0.03529784828424454, 0.03543528541922569, 0.03536050766706467, 0.03523881733417511, 0.03529122844338417, 0.03530127927660942, 0.035299982875585556, 0.03521056845784187, 0.03517955169081688, 0.03515079244971275, 0.03514194115996361, 0.03509903326630592, 0.03507646173238754, 0.035192083567380905, 0.0350399911403656, 0.03526343032717705, 0.0350046381354332, 0.03506074100732803, 0.03502188250422478, 0.03499198704957962, 0.03499966859817505, 0.0350157655775547, 0.03491268306970596, 0.03494621813297272], "val_loss": [0.0561508908867836, 0.03822442144155502, 0.04307575151324272, 0.03871558979153633, 0.03582194820046425, 0.036589447408914566, 0.034884262830019, 0.03526327386498451, 0.03534902259707451, 0.03492913395166397, 0.03482990339398384, 0.03511236235499382, 0.03477408364415169, 0.03508404269814491, 0.03475499525666237, 0.03494233638048172, 0.03504353389143944, 0.035971831530332565, 0.03457231447100639, 0.03555542230606079, 0.03448910638689995, 0.03518521040678024, 0.03523537144064903, 0.03528779372572899, 0.03526433929800987, 0.03508047014474869, 0.03468381613492966, 0.03460010513663292, 0.03458679839968681, 0.035197723656892776, 0.03541716933250427, 0.03530910611152649, 0.034672848880290985, 0.03477633744478226, 0.03529400750994682, 0.0354720875620842, 0.03481358289718628, 0.03495108336210251, 0.03457086905837059, 0.03541916608810425, 0.03505957871675491, 0.034807927906513214, 0.03447140008211136, 0.03473317250609398, 0.03499465063214302, 0.03494850918650627, 0.03531603887677193, 0.0346345454454422, 0.03529340773820877, 0.034616176038980484, 0.03458012640476227, 0.03502199798822403, 0.035255808383226395, 0.03446269407868385, 0.03453408181667328, 0.03487926349043846, 0.03476394712924957, 0.03452972322702408, 0.03475938364863396, 0.034752361476421356, 0.03529506176710129, 0.03517661988735199, 0.034972138702869415, 0.034442540258169174, 0.03469410911202431, 0.03518197312951088, 0.03482414409518242, 0.03486223891377449, 0.03486809507012367, 0.03465450182557106, 0.034746501594781876, 0.03436296805739403, 0.03529468551278114, 0.03487347066402435, 0.03446941822767258, 0.03452954813838005, 0.03497084230184555, 0.03517679125070572, 0.03463238477706909, 0.03464401140809059, 0.03480438143014908, 0.03504391387104988, 0.03467628359794617, 0.03497710078954697, 0.03490336239337921, 0.034497614949941635, 0.03445720300078392, 0.034877125173807144, 0.03530387952923775, 0.03440466523170471, 0.03537280112504959, 0.03448548540472984, 0.0347675122320652, 0.03464271500706673, 0.03435876965522766, 0.034718237817287445, 0.03460175544023514, 0.03438837453722954, 0.03472026064991951, 0.034637533128261566]}