{"loss": [0.12382712215185165, 0.05996619910001755, 0.05098102614283562, 0.04600423946976662, 0.04340660944581032, 0.04192756488919258, 0.040928903967142105, 0.04025193676352501, 0.039780039340257645, 0.03930453211069107, 0.03898876532912254, 0.038785167038440704, 0.038709674030542374, 0.03862042352557182, 0.03843577206134796, 0.03810262680053711, 0.03798023238778114, 0.03791128844022751, 0.037739504128694534, 0.03799780458211899, 0.037684425711631775, 0.03757156804203987, 0.03742397204041481, 0.03736014664173126, 0.03716311603784561, 0.03706338256597519, 0.037024375051259995, 0.03699656203389168, 0.03689379617571831, 0.0368964746594429, 0.03685186803340912, 0.03669433295726776, 0.03670985624194145, 0.03655358776450157, 0.03662404045462608, 0.036582160741090775, 0.03647438436746597, 0.03672096133232117, 0.03640478849411011, 0.03646640479564667, 0.03635197505354881, 0.03631119057536125, 0.03613867610692978, 0.036167167127132416, 0.03622943162918091, 0.036070697009563446, 0.03614596277475357, 0.036171745508909225, 0.03602340817451477, 0.03598896786570549, 0.035938963294029236, 0.035893600434064865, 0.03589982911944389, 0.0358729250729084, 0.03588845580816269, 0.03589733690023422, 0.0357571505010128, 0.035813238471746445, 0.035735420882701874, 0.03563451021909714, 0.035664625465869904, 0.0357457771897316, 0.03566044196486473], "val_loss": [0.06501559913158417, 0.04818186163902283, 0.03945482522249222, 0.03523585572838783, 0.03529813140630722, 0.03608620911836624, 0.03542643040418625, 0.03512679412961006, 0.03499259427189827, 0.03450606390833855, 0.034875042736530304, 0.03469247370958328, 0.03596846014261246, 0.03651544451713562, 0.035201773047447205, 0.034587182104587555, 0.03458228334784508, 0.03505795821547508, 0.03621022030711174, 0.03480533882975578, 0.03548620268702507, 0.034855060279369354, 0.03532272204756737, 0.03448870778083801, 0.034915681928396225, 0.034495458006858826, 0.03549487143754959, 0.0344976931810379, 0.03458401933312416, 0.03465761989355087, 0.034644778817892075, 0.03506782278418541, 0.03498942032456398, 0.03471987694501877, 0.03472934290766716, 0.03494545444846153, 0.03755369409918785, 0.034471023827791214, 0.035342052578926086, 0.03482464700937271, 0.03465163707733154, 0.034523364156484604, 0.034861914813518524, 0.03453972935676575, 0.03485540673136711, 0.035299479961395264, 0.034646667540073395, 0.03499012440443039, 0.035122886300086975, 0.034529075026512146, 0.035088151693344116, 0.034610092639923096, 0.034953221678733826, 0.0346740297973156, 0.03550105169415474, 0.034604839980602264, 0.0350492000579834, 0.03459649160504341, 0.0345231294631958, 0.03500029444694519, 0.035478897392749786, 0.03516511991620064, 0.034688595682382584]}