{"loss": [0.011128298938274384, 0.003747345879673958, 0.0032283656764775515, 0.003070895792916417, 0.003003879450261593, 0.0029709951486438513, 0.002948118606582284, 0.002931326162070036, 0.0029374381992965937, 0.0029125323053449392, 0.0029080254025757313, 0.002899952232837677, 0.0029009245336055756, 0.0029001105576753616, 0.0028863537590950727, 0.0028896795120090246, 0.0028865812346339226, 0.0028868180233985186, 0.0028775555547326803, 0.0028764859307557344, 0.002875537844374776, 0.002877337159588933, 0.0028746225871145725, 0.0028686760924756527, 0.0028710418846458197, 0.002870110562071204, 0.002868018113076687, 0.0028635866474360228, 0.002864749636501074, 0.002869302174076438, 0.0028649282176047564, 0.0028695163782685995, 0.0028634099289774895, 0.002860556822270155, 0.002864111214876175, 0.0028605533298105, 0.0028670013416558504, 0.002856370061635971, 0.002856848295778036, 0.0028608727734535933, 0.002860367065295577, 0.0028575826436281204, 0.00285753863863647, 0.0028562727384269238, 0.002855330239981413, 0.0028588694985955954, 0.0028595009353011847, 0.0028546450193971395, 0.0028541532810777426, 0.0028525381349027157], "val_loss": [0.004010430537164211, 0.0032389650586992502, 0.0031336070969700813, 0.0029898223001509905, 0.0029583198484033346, 0.002999641699716449, 0.002965880325064063, 0.0029919897206127644, 0.0029498080257326365, 0.0029409395065158606, 0.0029785078950226307, 0.0029348067473620176, 0.0029563296120613813, 0.0029365578666329384, 0.0029379369225353003, 0.0029337157029658556, 0.0029581463895738125, 0.002938085002824664, 0.002931630238890648, 0.002931347582489252, 0.002933048876002431, 0.002944202395156026, 0.002929233480244875, 0.0029345741495490074, 0.0029649881180375814, 0.0029342847410589457, 0.0029315869323909283, 0.0029232166707515717, 0.0029271382372826338, 0.002939344383776188, 0.0029583300929516554, 0.002927093068137765, 0.002946747001260519, 0.0029372593853622675, 0.0029356847517192364, 0.0029343522619456053, 0.0029251340311020613, 0.0029297086875885725, 0.0029216508846729994, 0.0029245507903397083, 0.002936010016128421, 0.0029205922037363052, 0.002917981008067727, 0.0029296409338712692, 0.0029243240132927895, 0.002927270019426942, 0.0029234904795885086, 0.002917342819273472, 0.0029197882395237684, 0.002920714905485511]}